"Slug","Copy 2","Page","Portrait 3","Landscape 2","Landscape 1","Thumbnail","Slug","Portrait 1","Portrait 2","Copy 3","Look Name","Landscape 3","Art Movement","Archetype","Copy 1","Section"
"wanderer-dreamscape-wanderer","<ul><li data-preset-tag=""p""><p>Ethereal fabrics and fluid silhouettes evoke a dreamlike state</p></li><li data-preset-tag=""p""><p>Surreal prints and motifs blur the line between imagination and reality</p></li><li data-preset-tag=""p""><p>Unexpected pairings and asymmetry reflect the journey's twists and turns</p></li></ul>","27","https://framerusercontent.com/images/QwTFOTOkJxdWJBWIXlUGTleG5g.webp","https://framerusercontent.com/images/c55dfjKDwbezYv91Tb9xBMgGvJk.webp","https://framerusercontent.com/images/IP1QZUb1yL2PDuqZeIRTHwcMJw.webp","https://framerusercontent.com/images/eZAHaO8XW1ELhmtXpbUFceDCtlQ.webp","wanderer-dreamscape-wanderer","https://framerusercontent.com/images/xRK0PDNHdiQGTGCdkOqloaqdP8.webp","https://framerusercontent.com/images/jcSu52BwF1sGDGHzZ0a0kQubU0.webp","The juxtaposition of structured elements with flowing forms invites viewers to ponder the balance between order and chaos in life's wanderings.","Dreamscape Wanderer","https://framerusercontent.com/images/wnUdjfbavVNa8AOLMMudTs1qQY.webp","Surrealism","Wanderer","The Wanderer embarks on milestone seven: ""Dreamscape Reflections."" This surrealist-inspired collection merges the subconscious with reality, echoing the movement's exploration of the human psyche.","Section IX-C"
"wanderer-neon-nexus-navigator","<ul><li data-preset-tag=""p""><p>Vibrant neon hues and metallic accents create a dazzling cityscape-inspired palette</p></li><li data-preset-tag=""p""><p>Sleek, form-fitting silhouettes adorned with geometric patterns evoke a sense of digital connectivity</p></li><li data-preset-tag=""p""><p>The fusion of streetwear and high-tech elements embodies the collaborative spirit of urban adventurers</p></li></ul>","26","https://framerusercontent.com/images/OYChVZwc1U9ylqQtQGtZcgFDsc.webp","https://framerusercontent.com/images/YJSDTe0jmKf0CHmDDoaJZJQYF0.webp","https://framerusercontent.com/images/SMp8sHHynIW3VdPzaWTqxo9ltg.webp","https://framerusercontent.com/images/2HrtS6q8hGVUrFLvMv9no7csrjw.webp","wanderer-neon-nexus-navigator","https://framerusercontent.com/images/Bu0XqyIWYGiLuwVyzcXXwMZtqc.webp","https://framerusercontent.com/images/crLiCwXMea6QLEvhSbUGpyHMcrI.webp","The addition of interactive LED accessories could further enhance the immersive, tech-forward nature of this look.","Neon Nexus Navigator","https://framerusercontent.com/images/rEWZm1Ad9ftoguvcpQ4CQwY.webp","Synthwave","Wanderer","Night City Luminaries: Milestone 3 - ""Neon Nexus Navigator"". This look draws inspiration from Synthwave's retro-futuristic aesthetic, blending digital nostalgia with cutting-edge urban exploration.","Section IX-B"
"wanderer-kaleidoscopic-odyssey","<ul><li data-preset-tag=""p""><p>Vibrant, clashing colors and patterns create a visual feast, mirroring inner transformation</p></li><li data-preset-tag=""p""><p>Layered textures and flowing fabrics evoke a sense of freedom and fluid identity</p></li><li data-preset-tag=""p""><p>Bold accessories and experimental styling reflect an adventurous spirit and openness to new experiences</p></li></ul>","25","https://framerusercontent.com/images/YAwGgOkJL3cmaJD6ypVc5kMw.webp","https://framerusercontent.com/images/zW5yfZUf2gpcg1XLktv3ONzI.webp","https://framerusercontent.com/images/6ycMGrflX72M0NQxOMKIIy1MSKs.webp","https://framerusercontent.com/images/QJrPkHMc7CyDyqOfcwgKJFLrGN0.webp","wanderer-kaleidoscopic-odyssey","https://framerusercontent.com/images/JHiDWBKSV19ePCo4mofRda8XhAk.webp","https://framerusercontent.com/images/nZJKhb95jynkkxnyouSrjQLLQ.webp","The juxtaposition of natural landscapes with psychedelic fashion creates a surreal, dream-like quality that enhances the theme of personal metamorphosis.","Kaleidoscopic Odyssey","https://framerusercontent.com/images/FpXZDLc7SzqrKMHx1CxBJPuqwU.webp","Psychedelic","Wanderer","The Wanderer's first milestone, ""Kaleidoscopic Odyssey,"" marks the beginning of a transformative journey inspired by the mind-expanding visuals of the Psychedelic art movement.","Section IX-A"
"traveler-avant-voyage-sophisticate","<ul><li data-preset-tag=""p""><p>Sleek silhouettes and neutral tones create a polished, adaptable aesthetic</p></li><li data-preset-tag=""p""><p>Innovative fabrics and minimalist designs reflect a forward-thinking approach</p></li><li data-preset-tag=""p""><p>Geometric accessories and architectural shapes add contemporary flair</p></li></ul>","24","https://framerusercontent.com/images/QtXSGeqYKzYs9VUX5YfKaCDWNqw.webp","https://framerusercontent.com/images/LKpNV7kgZt3S6b9E6lNXkjPpo4.webp","https://framerusercontent.com/images/JzZq5cX4OtiorNHJI4i3hKnr2YI.webp","https://framerusercontent.com/images/vgpfBIQMLRKxYrwfn9w7pCV0HI.webp","traveler-avant-voyage-sophisticate","https://framerusercontent.com/images/jLfIVfsgOEP4L8VJy8kU9m5do.webp","https://framerusercontent.com/images/BtdJxMXzel0qEk6dWnISfdP9lA.webp","The juxtaposition of structured outerwear with fluid trousers creates a dynamic visual interplay, enhancing the sophistication of the traveler's evolved style.","Avant-Voyage Sophisticate","https://framerusercontent.com/images/MpbjfETAYRSSI0KxU7feQ8g2fGU.webp","Modernism","Traveler","The Traveler archetype reaches Milestone 3: ""Avant-Voyage Sophisticate"". This look embodies Modernism's ethos of clean lines and functional elegance in travel attire.","Section VIII-C"
"traveler-ephemeral-voyager","<ul><li data-preset-tag=""p""><p>Soft, flowing fabrics and muted color palettes evoke the dreamy quality of Impressionist paintings</p></li><li data-preset-tag=""p""><p>Accessories like straw hats and woven bags reflect an appreciation for local craftsmanship</p></li><li data-preset-tag=""p""><p>The overall aesthetic blends comfort and elegance, ideal for immersive cultural experiences</p></li></ul>","23","https://framerusercontent.com/images/AAcbRtru8q27HnEnVYxS4ivV8.webp","https://framerusercontent.com/images/ckoXSVCBihiqbd2tpUFzcJxQaWo.webp","https://framerusercontent.com/images/5gVyVd9NiIPofOJ6a1Ddr0QnmKg.webp","https://framerusercontent.com/images/ni5etXLJtFCrUt9d3RLlN4NTbpY.webp","traveler-ephemeral-voyager","https://framerusercontent.com/images/1qyYZAX339BE70tzFAOPEvffRI.webp","https://framerusercontent.com/images/sGNihlPcWWNE2ruAmpEpfHCDVc.webp","Incorporating subtle nods to various global influences could further emphasize the traveler's journey of discovery and connection.","Ephemeral Voyager","https://framerusercontent.com/images/gUxyytnCbbVTQXHDu8zw1a0G9U.webp","Impressionism","Traveler","The Traveler archetype reaches Milestone One: Cultural Immersion in ""Ephemeral Voyager"". This concept draws inspiration from Impressionism's focus on capturing fleeting moments and light.","Section VIII-B"
"traveler-wanderlust-reverie","<ul><li data-preset-tag=""p""><p>Earth-toned palette and flowing silhouettes evoke a sense of freedom and connection to the natural world</p></li><li data-preset-tag=""p""><p>Layered textures and vintage-inspired accessories create a nostalgic, adventurous mood</p></li><li data-preset-tag=""p""><p>The overall aesthetic balances practicality with romantic ideals, capturing the excitement of journey planning</p></li></ul>","22","https://framerusercontent.com/images/ZLzfpLnBAZVA65OmZhBqeO0xG4.webp","https://framerusercontent.com/images/ivlDlNO5G1g0m3h175SOrHMrQDo.webp","https://framerusercontent.com/images/64StubbhGbhz32sw7it0KobHZAI.webp","https://framerusercontent.com/images/oOWhxFMBRb8wqN66Fkh1JTttQ0I.webp","traveler-wanderlust-reverie","https://framerusercontent.com/images/h0nLIfRiHzYAucJnGMoHTwAAz4.webp","https://framerusercontent.com/images/fGo6Qx8FuT8hPYrv2cwHhnseM.webp","Incorporating more handcrafted or locally-sourced elements could further enhance the romantic, worldly appeal of the collection.","Wanderlust Reverie","https://framerusercontent.com/images/Uwj3KMs5QUomEPF15BU2Da4w.webp","Romanticism","Traveler","The Traveler archetype embarks on Milestone 1: Planning, in ""Wanderlust Reverie."" This ensemble embodies the Romanticism movement's emphasis on emotion, nature, and individual experience.","Section VIII-A"
"enigma-digitally-disrupted-elegance","<ul><li data-preset-tag=""p""><p>Metallic and holographic fabrics create a sense of movement and digital distortion</p></li><li data-preset-tag=""p""><p>Asymmetrical, layered garments with sharp geometric cuts evoke fragmented visuals</p></li><li data-preset-tag=""p""><p>Bold accessories like mirrored sunglasses and tech-inspired jewelry enhance the futuristic theme</p></li></ul>","21","https://framerusercontent.com/images/FZtgGyYgttKpYptwwT8SJUXaCGY.webp","https://framerusercontent.com/images/Qu11xhAE4FEbUPB3lzcKW7Kunkw.webp","https://framerusercontent.com/images/Xo8Yp5DpFRI2VUeEWMHuD6Xn7eM.webp","https://framerusercontent.com/images/yHIfD7wqBQNRzaQuKu0o3KetFQw.webp","enigma-digitally-disrupted-elegance","https://framerusercontent.com/images/xpCDAJ9X22i9g2VO0zpTIBUhlU.webp","https://framerusercontent.com/images/zhUSvhrtDmVuqEPsOLBtfFcA9U.webp","The fusion of contrasting textures and neon accents against black could further emphasize the glitch aesthetic and avant-garde spirit.","Digitally Disrupted Elegance","https://framerusercontent.com/images/qCf2YHJquMT5yrrnMunrp1Op1M.webp","Glitch Art ","Enigma","Enigma's final milestone, ""Digitally Disrupted Elegance,"" draws inspiration from Glitch Art to showcase a journey of complexity and transformation.","Section VII-C"
"enigma-chaotic-chic-rebellion","<ul><li data-preset-tag=""p""><p>Bold pattern mixing and clashing textures create visual intrigue and defiance</p></li><li data-preset-tag=""p""><p>Unconventional pairings and repurposed items reflect Dadaist rejection of logic</p></li><li data-preset-tag=""p""><p>Eclectic accessories and exaggerated silhouettes amplify the rebellious mood</p></li></ul>","20","https://framerusercontent.com/images/G3bGoEpB46Z6S5YBezmTf5mkeNU.webp","https://framerusercontent.com/images/Xl2yGOmfY1SK3i0WINtqs7lH4U.webp","https://framerusercontent.com/images/eo9gslIxshhuT2E5v4PHDX7ekGQ.webp","https://framerusercontent.com/images/q9909JWdUK7Uwg8j00NRehMpQjc.webp","enigma-chaotic-chic-rebellion","https://framerusercontent.com/images/Hbde2HF55CnzX8bVeOL9cWN3rnE.webp","https://framerusercontent.com/images/7mKQQM6x2f35Od4RRBT38uVPqLc.webp","The juxtaposition of elegant and casual elements adds an extra layer of complexity to the avant-garde aesthetic.","Chaotic Chic Rebellion","https://framerusercontent.com/images/eHXGli5EyEwIeyoiHgJ82rhaE.webp","Dadaism","Enigma","The Rebel and the Nonconformist, Milestone 2: ""Chaotic Chic Rebellion."" This look embodies the spirit of Dadaism, challenging traditional fashion norms through unexpected combinations and absurdist elements.","Section VII-B"
"enigma-dreamscape-reverie","<ul><li data-preset-tag=""p""><p>Shimmering fabrics and metallic accents create an otherworldly aura</p></li><li data-preset-tag=""p""><p>Pleated skirts and flowing silhouettes evoke a sense of fluidity and movement</p></li><li data-preset-tag=""p""><p>Unconventional pairings and bold accessories challenge traditional fashion norms</p></li></ul>","19","https://framerusercontent.com/images/A7DbdZcoToeb9chchOw6IV4cMo.webp","https://framerusercontent.com/images/0ILOHEBz0qfNR6oIMOhIBhhq9Mo.webp","https://framerusercontent.com/images/OXSq03du8B1VdcsDH7QSEYCXu8.webp","https://framerusercontent.com/images/rQxL6hulybpWHS7yL40IGjxu3DQ.webp","enigma-dreamscape-reverie","https://framerusercontent.com/images/Cp2qMPGOfMTQFyJ3sSQRgEzjZA.webp","https://framerusercontent.com/images/jChhXx3V1Gw0Z2U87MLBrAHvHlU.webp","The juxtaposition of structured elements with ethereal designs brilliantly captures the essence of surrealism in wearable art.","Dreamscape Reverie","https://framerusercontent.com/images/TEWu8AflvC0LpdYhN8y2u6zh8o.webp","Surrealism","Enigma","The Enigma archetype reaches its first milestone with ""Dreamscape Reverie,"" a title that encapsulates the surrealist movement's core concept of blending reality with the subconscious.","Section VII-A"
"caregiver-empowered-brushstrokes","<ul><li data-preset-tag=""p""><p>Rich, earthy tones and bold patterns evoke strength and resilience</p></li><li data-preset-tag=""p""><p>Structured silhouettes balanced with flowing fabrics reflect the duality of caregiving</p></li><li data-preset-tag=""p""><p>Artistic accessories and prints honor the caregiver's journey of self-discovery</p></li></ul>","18","https://framerusercontent.com/images/gmhl1ZVkw09ZpdPLUhnfy3jpxTY.webp","https://framerusercontent.com/images/zJmxrrClLPtBNdEaicLAEUS5cgM.webp","https://framerusercontent.com/images/x1mNmCHXOkjeuKoa1blFo1UBA0.webp","https://framerusercontent.com/images/Knvz7TqgISA3j7ObrqF9KveqFc.webp","caregiver-empowered-brushstrokes","https://framerusercontent.com/images/KBaP5hBgP1rN1uHxM3VzQGxMPCI.webp","https://framerusercontent.com/images/YGb4pjkcGTl8U4pg3mv4JmPGOc.webp","The juxtaposition of structure and fluidity in the outfits mirrors the caregiver's evolving balance between duty and self-care.","Empowered Brushstrokes","https://framerusercontent.com/images/kCMjMJYhkPN1Jgn7dZYd3q6XpaQ.webp","Post-Impressionism","Caregiver","The Caregiver reaches Milestone 7: ""Empowered Brushstrokes"". This look embodies the Post-Impressionist movement's emphasis on emotional expression and personal interpretation of reality.","Section VI-C"
"caregiver-empathetic-impressions","<ul><li data-preset-tag=""p""><p>Flowing silhouettes and pastel hues create a sense of gentleness and approachability</p></li><li data-preset-tag=""p""><p>Watercolor-inspired prints and delicate fabrics evoke a dreamy, comforting atmosphere</p></li><li data-preset-tag=""p""><p>Layered, lightweight pieces allow for easy movement and adaptability in caregiving situations</p></li></ul>","17","https://framerusercontent.com/images/7iZNizAm2SL81d3XAiq3y0pA.webp","https://framerusercontent.com/images/6xtB6LoGGqbQSDh5j4RtxMdjXA.webp","https://framerusercontent.com/images/dtBmCGyHV6TN1Kv4TmoOCj1lvX0.webp","https://framerusercontent.com/images/zer2CajFJD9heaE07bkS9v1WxU.webp","caregiver-empathetic-impressions","https://framerusercontent.com/images/5DVhWcuE5CNzVjg1jR2Voj5ZRc.webp","https://framerusercontent.com/images/QrKPl9N2YJKAXixVt6iaCJvoVg.webp","The combination of soft textures, soothing colors, and nature-inspired elements could be further enhanced by incorporating subtle aromatherapy elements, such as a lavender-scented bracelet or a small pouch of calming herbs.","Empathetic Impressions","https://framerusercontent.com/images/h6x16tQ8XH6FXHj3vpmGSbM4Kg.webp","Impressionism","Caregiver","The Caregiver archetype reaches milestone 3: ""Empathetic Impressions"". This look embodies the nurturing spirit of caregiving, reflecting the soft focus and emotive quality of Impressionist art.","Section VI-B"
"caregiver-the-fauvist-caregiver","<ul><li data-preset-tag=""p""><p>Vivid, contrasting colors dominate the ensemble, mirroring the Fauvist palette and symbolizing the caregiver's passion</p></li><li data-preset-tag=""p""><p>Comfortable, flowing fabrics ensure ease of movement while providing a canvas for expressive patterns and hues</p></li><li data-preset-tag=""p""><p>The overall aesthetic balances practicality with artistic flair, creating a visual representation of the caregiver's empathetic nature</p></li></ul>","16","https://framerusercontent.com/images/4CIg6tss7OKVJoyNWZMKrgjUcc.webp","https://framerusercontent.com/images/WWLxtvcINpG6Xm30Q7Ybp2OBllk.webp","https://framerusercontent.com/images/W6PlHsOn2Gx5VVFIQGYO0iEJ4Q.webp","https://framerusercontent.com/images/AzNacJEQzrwXt2pH7e10nnv4ak.webp","caregiver-the-fauvist-caregiver","https://framerusercontent.com/images/xHH6V72UWOE57RfimaOh3DvReM.webp","https://framerusercontent.com/images/sWCvKfyGERAFdepYVipXeKweLs.webp","Incorporating unconventional color pairings and patterns could further push the boundaries of traditional caregiving attire, truly embracing the Fauvist spirit.","The Fauvist Caregiver","https://framerusercontent.com/images/ZMyvR0tO24fq4GMCwehXRWTknOw.webp","Fauvism","Caregiver","The Caregiver archetype embarks on Milestone 1: Establishing Trust and Communication, drawing inspiration from the bold expressionism of the Fauvist movement. This look, ""The Fauvist Caregiver,"" embodies the vibrant energy and emotional depth required in the early stages of caregiving.","Section VI-A"
"peace-tranquil-harmony","<ul><li data-preset-tag=""p""><p>Neutral color palette creates a sense of calm and balance</p></li><li data-preset-tag=""p""><p>Clean lines and simple silhouettes reflect a desire for clarity and simplicity</p></li><li data-preset-tag=""p""><p>Emphasis on quality materials and tailoring conveys thoughtful, intentional choices</p></li></ul>","15","https://framerusercontent.com/images/8DjHLvsIecv4nrbYa5CrQUUW8g.webp","https://framerusercontent.com/images/oVCrtD89jqpBiVaRjgksj3a7eOE.webp","https://framerusercontent.com/images/CeEdguMbHyWpJaTIMHHdzfJfdlk.webp","https://framerusercontent.com/images/hDbFzdE3WbrKw7YMEbLsy2PYXRY.webp","peace-tranquil-harmony","https://framerusercontent.com/images/IZdys0Qd8v8k3SuxaASGuWwsXw.webp","https://framerusercontent.com/images/ol0ZycIqknMRyvC377UOC085Ho.webp","The juxtaposition of structured and flowing elements could symbolize the balance between strength and flexibility needed in peacemaking efforts.","Tranquil Harmony","https://framerusercontent.com/images/bWtwESG1sbVlWaE6TZ9BHpJ4A0.webp","Minimalism","Peace","The Peacemaker's journey reaches Milestone 7: Tranquil Harmony. This look embodies the minimalist movement's core concept of ""less is more"" in pursuit of inner and outer peace.","Section V-C"
"peace-whispering-willows","<ul><li data-preset-tag=""p""><p>Flowing silhouettes and organic patterns evoke a sense of unity with nature and each other</p></li><li data-preset-tag=""p""><p>Earthy color palettes in greens, golds and neutrals create a grounded, peaceful aesthetic</p></li><li data-preset-tag=""p""><p>Intricate botanical motifs and handcrafted details invite closer observation and appreciation</p></li></ul>","14","https://framerusercontent.com/images/kQBsf3U16FAnGwIfobAxtGcf4.webp","https://framerusercontent.com/images/kxIIgkxv6rmLJCR169JlpUcorw.webp","https://framerusercontent.com/images/UhMQbLPfHLBF6RVwPQwmUVSdJI.webp","https://framerusercontent.com/images/BJb8qz4U1OsMFLIKZbJkkSpPE.webp","peace-whispering-willows","https://framerusercontent.com/images/G0pzQMYCt9hHrOsjewGpmokioU.webp","https://framerusercontent.com/images/C3jbC6yQkHEo6fc4YnZ2Nxn7Hcc.webp","The delicate interplay of textures and forms in these ensembles reflects the nuanced dialogues needed to foster empathy across cultures.","Whispering Willows","https://framerusercontent.com/images/Y8RJs038RyqVeekZz4tVyuCDJMo.webp","Art Nouveau","Peace","The Harmonizers, Milestone 2: Whispering Willows. This collection embraces Art Nouveau's celebration of natural forms to promote understanding between diverse communities.","Section V-B"
"peace-ethereal-harmony","<ul><li data-preset-tag=""p""><p>Flowing fabrics and pastel hues create a sense of serenity and openness</p></li><li data-preset-tag=""p""><p>Layered textures and nature-inspired prints evoke the depth of impressionist paintings</p></li><li data-preset-tag=""p""><p>The overall aesthetic aims to foster a calm, welcoming atmosphere conducive to dialogue and connection</p></li></ul>","13","https://framerusercontent.com/images/h0YFiCZjwWjQ1hJQSYVKipVGk.webp","https://framerusercontent.com/images/0lDKfcAyM0Uw83dR30VETXxElY.webp","https://framerusercontent.com/images/dB4TCg5ykLzXOm5DeTZ8NLLFu4.webp","https://framerusercontent.com/images/ER0aGRHEpfWfqy2FpesPO8TkGw.webp","peace-ethereal-harmony","https://framerusercontent.com/images/EK9poKGuMpjhsPg7d6Q2meAkw.webp","https://framerusercontent.com/images/T9fgyVbHw0ADCzjhJdO9dFg.webp","Incorporating iridescent or light-catching accessories could further enhance the impressionistic quality, reflecting the ever-changing nature of light and perspective.","Ethereal Harmony","https://framerusercontent.com/images/xIqD5RfQYUn8tni5k3nR3xdrPI.webp","Impressionism","Peace","The Traveler archetype embarks on Milestone 3: Ethereal Harmony, drawing inspiration from the Impressionist movement's focus on light and atmosphere. This look embodies the journey towards peace through visual tranquility and understanding.","Section V-A"
"mentor-ephemeral-reflections","<ul><li data-preset-tag=""p""><p>Soft, flowing fabrics in pastel hues evoke a sense of serenity and reflection</p></li><li data-preset-tag=""p""><p>Layered textures and subtle patterns create depth, mirroring the complexity of the mentor-mentee relationship</p></li><li data-preset-tag=""p""><p>The overall aesthetic exudes a dreamy, light-filled quality that celebrates personal transformation</p></li></ul>","12","https://framerusercontent.com/images/N9gUnhJNJovkZwCb1J7Gl1h9Dds.webp","https://framerusercontent.com/images/0ITpSFTLOLyu6vlzcYvGODWXEAQ.webp","https://framerusercontent.com/images/OgknlEwgn8115IxdwvmG8DzrJLM.webp","https://framerusercontent.com/images/1pEuvGWSo1iR8HPvfRC4Zj4.webp","mentor-ephemeral-reflections","https://framerusercontent.com/images/BUHCzyCZC2p7KCPVXPlWUbDtPso.webp","https://framerusercontent.com/images/HelwsZRMwYPct6e5U9juPrTkQ4.webp","Incorporating delicate, nature-inspired accessories could further enhance the Impressionistic feel of the ensemble.","Ephemeral Reflections","https://framerusercontent.com/images/gqo7oWwKM4aIgcpWZlx4Tje4zRk.webp","Impressionism","Mentor","The Mentor archetype reaches Milestone 7: Ephemeral Reflections. This look embodies the essence of Impressionism, capturing fleeting moments of beauty and growth.","Section IV-C"
"mentor-streamlined-sophistication","<ul><li data-preset-tag=""p""><p>Neutral color palette and minimalist designs reflect a focus on essential elements</p></li><li data-preset-tag=""p""><p>Tailored silhouettes and structured pieces evoke a sense of purposeful elegance</p></li><li data-preset-tag=""p""><p>Geometric accessories and clean lines embody clarity of thought and intention</p></li></ul>","11","https://framerusercontent.com/images/EauJeev2TbrJxXWlNsc6jO2vQ.webp","https://framerusercontent.com/images/x7ePFCycVYpYrrbGXy6wxibRA.webp","https://framerusercontent.com/images/NWkTSn1xdncJAVlAWkV1iZxY21o.webp","https://framerusercontent.com/images/3NWEEcTv4HKNCkZUOq2OFQdWIM.webp","mentor-streamlined-sophistication","https://framerusercontent.com/images/mwpKsmhqVDbg0PRMA5hvTpO8gk.webp","https://framerusercontent.com/images/fgGnAu8SJuTq2hicj8RLm4zIO8.webp","The juxtaposition of sleek, modern elements with warm, natural tones creates a harmonious balance that enhances the mentoring relationship's depth and authenticity.","Streamlined Sophistication","https://framerusercontent.com/images/l22h3oUBtpWU9qKTwC68OZSxqs.webp","Mid-Century Modern","Mentor","The Mentor archetype reaches milestone two: ""Streamlined Sophistication,"" drawing inspiration from Mid-Century Modern design's emphasis on clean lines and functional beauty. This look embodies the journey of deepening self-awareness and personal development through refined simplicity.","Section IV-B"
"mentor-regal-grandeur-unleashed","<ul><li data-preset-tag=""p""><p>Rich jewel tones and sumptuous fabrics evoke Baroque opulence</p></li><li data-preset-tag=""p""><p>Intricate embellishments and dramatic silhouettes command attention</p></li><li data-preset-tag=""p""><p>Structured elements balance the ornate details, projecting authority and wisdom</p></li></ul>","10","https://framerusercontent.com/images/YusaXFdN9J9rJfN2GlUCbfT9qw.webp","https://framerusercontent.com/images/QpSAXvCUq2WeiDLR5zsBm6gjfdI.webp","https://framerusercontent.com/images/AwX749PL6qLX8AbRP7aPFOefrY.webp","https://framerusercontent.com/images/2e2dGLu3fmJWC0P8GbpWB7TvGU.webp","mentor-regal-grandeur-unleashed","https://framerusercontent.com/images/e3Lf799MHobHwfN7ChZPHAclo.webp","https://framerusercontent.com/images/Nj9jPt3bapIdlh0vfD7PuAr7M.webp","The juxtaposition of historical grandeur with modern tailoring creates a powerful visual metaphor for bridging experience and innovation in mentorship.","Regal Grandeur Unleashed","https://framerusercontent.com/images/WYGuAcxq8OLxWz0gdEuN8TGCF8.webp","Baroque","Mentor","The Mentor archetype embarks on Milestone 1: The Assessment, drawing inspiration from the Baroque movement's penchant for grandeur and drama. This initial meeting sets the stage for a transformative journey of guidance and growth.","Section IV-A"
"protector-revolutionary-vanguard","<ul><li data-preset-tag=""p""><p>Bold color blocking and geometric shapes create visual impact</p></li><li data-preset-tag=""p""><p>Unconventional silhouettes and layered pieces suggest adaptability</p></li><li data-preset-tag=""p""><p>Mood is energetic and forward-thinking, aiming to inspire collective change</p></li></ul>","09","https://framerusercontent.com/images/AdkvkZpZgXSvANPx0MtO9jRPRI.webp","https://framerusercontent.com/images/Vdew5DWi9AWIU0ftpVFhR4OVo4.webp","https://framerusercontent.com/images/G3JZIptWY5lRnSDhrQJUsC6IT1o.webp","https://framerusercontent.com/images/RdCRRPJzzR5c09zW1J3B9ZHzro.webp","protector-revolutionary-vanguard","https://framerusercontent.com/images/bHfKynIHfYPmbxajgwUgGXJyWQM.webp","https://framerusercontent.com/images/5kWzM7bAc8y3KsddWIw8IJ1BQaM.webp","Consider incorporating interactive or customizable elements to further emphasize the collaborative spirit of this revolutionary look.","Revolutionary Vanguard","https://framerusercontent.com/images/PRqfVohgLdTmRV6SMIlb04qGh8c.webp","Constructivism","Protector","The Protector archetype reaches Milestone 7: Revolutionary Vanguard. This ensemble embodies Constructivism's core concept of building a new society through art and design.","Section III-C"
"industrialism-inspired-fashion-protector","<ul><li data-preset-tag=""p""><p>Rugged utilitarian aesthetics blend with a sense of strength and preparedness</p></li><li data-preset-tag=""p""><p>Earth-toned palette and durable materials evoke a connection to the working class</p></li><li data-preset-tag=""p""><p>Functional designs and layered looks reflect adaptability and readiness for action</p></li></ul>","08","https://framerusercontent.com/images/mDVDMdi0tZWyDGQoEeOtQF24Bo.webp","https://framerusercontent.com/images/JWhcNqAl1RBh6vdGbga2BhHkgI8.webp","https://framerusercontent.com/images/K4vEY2dBf85CbynVCrGtAloz3w.webp","https://framerusercontent.com/images/9pRW64YuciTQfPJvOEz3DCN0.webp","industrialism-inspired-fashion-protector","https://framerusercontent.com/images/Lk4kkqbe4aHzeH7tEvvUssIpBE.webp","https://framerusercontent.com/images/dCGIZCxfl1cJDLmsb0GFHRRA51U.webp","The fusion of practical workwear elements with bold, protective styling creates a powerful visual statement of capability and purpose.","Industrial Sentinel","https://framerusercontent.com/images/fDlDxJznQ0kQ4wjm5mF0F76E.webp","Industrialism","Protector","The Protector archetype embarks on milestone 7, ""Industrial Sentinel,"" drawing inspiration from the Industrialism movement's emphasis on efficiency and functionality. This phase marks a significant evolution in their journey of safeguarding and advocating for others.","Section III-B"
"protector-art-deco-fashion-ensemble","<ul><li data-preset-tag=""p""><p>Bold geometric patterns and clean lines evoke strength and reliability</p></li><li data-preset-tag=""p""><p>Rich, contrasting colors of navy, black, and gold create a sense of luxury and authority</p></li><li data-preset-tag=""p""><p>Structured silhouettes and tailored fits symbolize the growing sense of purpose and duty</p></li></ul>","07","https://framerusercontent.com/images/x4MEQeSAvqraplXdrYHKk0SM.webp","https://framerusercontent.com/images/ASG8zLH6EvqtjU4IkDTkQ8PSao.webp","https://framerusercontent.com/images/tz6cLwZpXBTV8Ya3rjEkGB5oPYg.webp","https://framerusercontent.com/images/jPs7T4akGxXPdAL54wj0aabctJY.webp","protector-art-deco-fashion-ensemble","https://framerusercontent.com/images/t8linadmP7R8Qf0B9NiRgIlL8.webp","https://framerusercontent.com/images/2rhmWrfA3WJpOGFoc0Echkgo0jQ.webp","The juxtaposition of angular shapes with flowing fabrics could further emphasize the balance between strength and empathy in the Protector's role.","Deco Guardian","https://framerusercontent.com/images/n98CkDCraWOFw1QM2wicihfoa8.webp","Art Deco","Protector","Protector Milestone 1: Deco Guardian. This Art Deco-inspired ensemble embodies the Protector's initial journey towards awareness and responsibility, reflecting the movement's emphasis on elegance and modernity.","Section III-A"
"visionary-futurism-kinetic-sleek-fashion","<ul><li data-preset-tag=""p""><p>Vibrant, iridescent fabrics and metallic accents create a sense of motion and innovation</p></li><li data-preset-tag=""p""><p>Bold silhouettes and asymmetrical designs challenge traditional fashion boundaries</p></li><li data-preset-tag=""p""><p>The juxtaposition of sleek, futuristic elements with urban backdrops evokes a forward-thinking ethos</p></li></ul>","06","https://framerusercontent.com/images/czyQOQpvP1dQiaXmOchzfhI37Uo.webp","https://framerusercontent.com/images/BH7hUkAJcjHSB7fJ2G18HLD36Gs.webp","https://framerusercontent.com/images/qKaJbPejVTOXAjebNgySXZqa5vk.webp","https://framerusercontent.com/images/8zNOZEC0DCqR9Ep0dK2I4JHRzM.webp","visionary-futurism-kinetic-sleek-fashion","https://framerusercontent.com/images/vjPGNNCJBRtylP5bu1xdmI0.webp","https://framerusercontent.com/images/kmvlNH4uPq5NFhpBPUdlCDWkbAw.webp","The harmonious blend of cutting-edge aesthetics and practical wearability in these ensembles perfectly captures the essence of visionary implementation.","Kinetic Fusion","https://framerusercontent.com/images/TYmMZlMdI5yzrqSmV9RpYfi4AU.webp","Futurism","Visionary","The Visionary archetype reaches their final milestone with ""Kinetic Fusion,"" embodying the dynamic spirit of Futurism and the transformative power of bringing ideas to life.","Section II-C"
"cubism-inspired-geometric-deconstructed-fashion","<ul><li data-preset-tag=""p""><p>Bold geometric patterns and structured silhouettes create a sense of analytical precision</p></li><li data-preset-tag=""p""><p>Layered garments and mixed textures add depth, mirroring Cubism's multiple viewpoints</p></li><li data-preset-tag=""p""><p>Muted color palette with occasional bright accents reflects the thoughtful yet innovative spirit</p></li></ul>","05","https://framerusercontent.com/images/wEm0dT1UxWdAtDBGmJmASk8DiA.webp","https://framerusercontent.com/images/JuOQymecMMqTZ5xktcVw5Xod9fY.webp","https://framerusercontent.com/images/9rroLfhHQIJSAiPlcTx4PT9cUaQ.webp","https://framerusercontent.com/images/bccMxkQLOx7dBc6Qtx1N1KEEfN4.webp","cubism-inspired-geometric-deconstructed-fashion","https://framerusercontent.com/images/ktAB12mephl0sYgESoBdOsv77o.webp","https://framerusercontent.com/images/C8AkLw92L7cD3LYMy8Q7mE3bAA.webp","The juxtaposition of angular cuts and abstract prints could be further enhanced with asymmetrical design elements to push the boundaries of conventional fashion even further.","Geometric Deconstruction","https://framerusercontent.com/images/IrqrfYYaYU5d5yFjIzAb2q3R3dc.webp","Cubism","Visionary","The Visionary reaches their second milestone with ""Geometric Deconstruction,"" embodying Cubism's revolutionary approach to fragmented perspectives and abstract forms. This look challenges traditional fashion norms, reflecting the movement's emphasis on breaking down and reassembling visual elements to convey deeper meanings.","Section II-B"
"surrealist-dreamscape-fashion-illusion","<ul><li data-preset-tag=""p""><p>Juxtaposition of textures and styles creates a dreamlike, otherworldly aesthetic</p></li><li data-preset-tag=""p""><p>Bold color contrasts and unconventional pairings evoke a sense of creative rebellion</p></li><li data-preset-tag=""p""><p>Transparent and reflective elements blur the lines between reality and illusion</p></li></ul>","04","https://framerusercontent.com/images/0ieLPapizPp9cBRsh3FXylVpI.webp","https://framerusercontent.com/images/6AoWSKXiyJFawtmFnXtcssUiyk.webp","https://framerusercontent.com/images/NR28uB1Zv75qxjdOgVsBcchM.webp","https://framerusercontent.com/images/WsXaClap1qJBHs8qC6tL4KUrU.webp","surrealist-dreamscape-fashion-illusion","https://framerusercontent.com/images/k4bWY0ixurgx9VvwHYuLOe279KI.webp","https://framerusercontent.com/images/1MlHw0Qy0N5KRLBSzy4s9ndALE.webp","The incorporation of aquatic backdrops and nature elements could further enhance the surreal, dreamlike quality of the compositions.","Dreamscape Illusion","https://framerusercontent.com/images/lB3ApeYtFhsLPchJhGRCuwRpD0.webp","Surrealism","Visionary","Visionary Milestone 1: Dreamscape Illusion. This series embodies the surrealist movement's core concept of blending reality and fantasy in unexpected ways.","Section II-A"
"neo-expressionism-unfiltered-emotion-fashion","<ul><li data-preset-tag=""p""><p>Bold splashes of color and abstract patterns evoke intense emotional states</p></li><li data-preset-tag=""p""><p>Layered, unconventional pairings reflect the complexity of personal growth</p></li><li data-preset-tag=""p""><p>Handcrafted elements and distressed fabrics symbolize authenticity and vulnerability</p></li></ul>","03","https://framerusercontent.com/images/FlbRbcKpmqLZIKQKQS1aY8DVGDc.webp","https://framerusercontent.com/images/kdRswcpvLsVc3oOQPw9fOOm8xzg.webp","https://framerusercontent.com/images/QYoJsjZMRXUmslSrZ4srIrbhQ.webp","https://framerusercontent.com/images/VPUhrdgERed4dX0bzMYxEVIT1g.webp","neo-expressionism-unfiltered-emotion-fashion","https://framerusercontent.com/images/cmvIWNeuSj26edlSP0Rk5IOoGvs.webp","https://framerusercontent.com/images/oAfvcHzCwt5PyYSdPYrf69Z9G8.webp","The juxtaposition of structured and deconstructed pieces creates a visual metaphor for the balance between chaos and self-discovery.","Unfiltered Emotional Canvas","https://framerusercontent.com/images/7v76y4LoCnrJIXKKBVl5MrxFmRM.webp","Neo Expressionism","Messenger","The Messenger archetype reaches its final milestone in ""Unfiltered Emotional Canvas,"" drawing inspiration from the raw energy of Neo Expressionism. This look embodies the courage to confront inner turmoil and transform it into powerful self-expression.","Section I-C"
"surrealist-fashion-imagination-dreamscape","<ul><li data-preset-tag=""p""><p>Bold color contrasts and unexpected combinations create visual intrigue</p></li><li data-preset-tag=""p""><p>Flowing fabrics and abstract patterns evoke a dreamlike, fluid state</p></li><li data-preset-tag=""p""><p>Avant-garde accessories and mismatched elements challenge perceptions</p></li></ul>","02","https://framerusercontent.com/images/QMwXbrl3ZbYJrlBZDDiLBhEIiF8.webp","https://framerusercontent.com/images/97uVvdyP908p5VD69zBNF027t8g.webp","https://framerusercontent.com/images/Z23crtq0lPpatrOcaJnFpSZ7k8.webp","https://framerusercontent.com/images/wzAAYIVuaEhC3Abqk4wQehJkD6A.webp","surrealist-fashion-imagination-dreamscape","https://framerusercontent.com/images/WdYMueXtGmAamCvDppkz0RfA3s4.webp","https://framerusercontent.com/images/zbJHgJZF06xAvr7IvKeaIYBo.webp","Incorporating more tactile elements, like textured fabrics or 3D embellishments, could further enhance the surreal, multisensory experience of the looks.","Dreamscape Dissonance","https://framerusercontent.com/images/wAgqCLpfL1vUgadFBx29DalRlqI.webp","Surrealism","Messenger","The Messenger archetype reaches Milestone 2: Dreamscape Dissonance, channeling the essence of Surrealism's exploration of the subconscious mind and dream-like states. This phase embodies the movement's core concept of tapping into hidden realms of imagination and reality.","Section I-B"
"impressionist-fashion-elegant-ephemeral","<ul><li data-preset-tag=""p""><p>Ethereal fabrics and flowing silhouettes evoke a sense of transience and light</p></li><li data-preset-tag=""p""><p>Soft pastel hues and watercolor-like patterns reflect a dreamy, contemplative mood</p></li><li data-preset-tag=""p""><p>Layered textures and subtle accessories add depth, mirroring Impressionist brushwork</p></li></ul>","01","https://framerusercontent.com/images/NM5KvjaePFk2NrMn3HRqXPMlA.webp","https://framerusercontent.com/images/PhurGupgg1eFfMJ64sqWAU6VTM.webp","https://framerusercontent.com/images/69kgGogWTR6Vfg1GxtXWtMrSB8.webp","https://framerusercontent.com/images/n63BTB44hgn4aTZUyI91NOfsdEo.webp","impressionist-fashion-elegant-ephemeral","https://framerusercontent.com/images/VWqCcNyYKAz798aQ5pG22tFRHT0.webp","https://framerusercontent.com/images/uDyMPFpITWpYZpW6HH0BXcdkys.webp","The ensemble invites wearers to pause and appreciate the beauty in everyday scenes, much like an Impressionist painting.","Ephemeral Elegance","https://framerusercontent.com/images/IcHZhxfhGEL7k8U7uscaEN9x34.webp","Impressionism","Messenger","The Messenger archetype reaches Milestone 1: Ephemeral Elegance, drawing inspiration from Impressionism's focus on capturing fleeting moments and the interplay of light.","Section I-A"